date,total_transactions,extra_in_internal,missing_from_internal,amount_mismatch,fee_mismatch
2015-09-09,6,0,0,0,0
2015-09-15,2,0,0,0,0
2015-11-20,4,0,0,0,0
2015-11-27,6,0,0,0,0
2016-01-29,2,0,0,0,0
2016-03-13,4,0,0,0,0
2016-08-02,2,0,0,0,0
2016-08-05,6,0,0,0,0
2016-08-08,4,0,0,0,0
2016-08-10,4,0,0,0,0
2016-09-02,4,0,0,0,0
2016-11-05,2,0,0,0,0
2016-11-25,256,0,0,0,0
2016-12-19,4,0,0,0,0
2017-05-04,2,0,0,0,0
2017-05-13,2,0,0,0,0
2017-05-27,4,0,0,0,0
2017-06-08,2,0,0,0,0
2017-06-11,2,0,0,0,0
2017-06-14,2,0,0,0,0
2017-07-12,2,0,0,0,0
2017-07-20,2,0,0,0,0
2017-08-25,4,0,0,0,0
2017-10-07,2,0,0,0,0
2017-12-13,2,0,0,0,0
2017-12-14,6,0,0,0,0
2018-01-06,2,0,0,0,0
2018-01-14,2,0,0,0,0
2018-02-02,2,0,0,0,0
2018-02-06,2,0,0,0,0
2018-03-22,2,0,0,0,0
2018-03-31,2,0,0,0,0
2018-05-01,2,0,0,0,0
2018-08-08,2,0,0,0,0
2018-10-11,12,0,0,0,0
2018-10-14,2,0,0,0,0
2018-11-13,2,0,0,0,0
2018-11-15,2,0,0,0,0
2018-11-22,2,0,0,0,0
2018-12-20,2,0,0,0,0
2018-12-21,2,0,0,0,0
2018-12-22,2,0,0,0,0
2019-01-06,2,0,0,0,0
2019-01-09,2,0,0,0,0
2019-01-15,2,0,0,0,0
2019-02-14,6,0,0,0,0
2019-02-17,4,0,0,0,0
2019-03-07,2,0,0,0,0
2019-03-16,2,0,0,0,0
2019-03-22,4,0,0,0,0
2019-04-05,2,0,0,0,0
2019-04-11,2,0,0,0,0
2019-05-18,2,0,0,0,0
2019-05-20,2,0,0,0,0
2019-05-22,2,0,0,0,0
2019-06-21,2,0,0,0,0
2019-06-28,2,0,0,0,0
2019-07-22,2,0,0,0,0
2019-07-25,2,0,0,0,0
2019-08-22,2,0,0,0,0
2019-09-05,2,0,0,0,0
2019-09-10,2,0,0,0,0
2019-10-30,2,0,0,0,0
2019-12-15,2,0,0,0,0
2019-12-31,2,0,0,0,0
2020-01-05,6,0,0,0,0
2020-01-13,2,0,0,0,0
2020-01-20,2,0,0,0,0
2020-02-09,4,0,0,0,0
2020-02-24,2,0,0,0,0
2020-02-27,2,0,0,0,0
2020-03-02,2,0,0,0,0
2020-03-07,2,0,0,0,0
2020-03-15,2,0,0,0,0
2020-06-06,2,0,0,0,0
2020-06-14,2,0,0,0,0
2020-06-19,2,0,0,0,0
2020-06-20,2,0,0,0,0
2020-06-29,2,0,0,0,0
2020-07-08,2,0,0,0,0
2020-07-17,2,0,0,0,0
2020-07-23,2,0,0,0,0
2020-08-01,6,0,0,0,0
2020-08-26,2,0,0,0,0
2020-09-06,2,0,0,0,0
2020-09-18,4,0,0,0,0
2020-09-19,2,0,0,0,0
2020-09-20,2,0,0,0,0
2020-09-27,6,0,0,0,0
2020-10-01,2,0,0,0,0
2020-10-07,2,0,0,0,0
2020-10-09,2,0,0,0,0
2020-10-26,4,0,0,0,0
2020-10-27,2,0,0,0,0
2020-11-01,2,0,0,0,0
2020-11-02,16,0,0,0,0
2020-11-03,2,0,0,0,0
2020-11-04,2,0,0,0,0
2020-11-05,4,0,0,0,0
2020-11-06,4,0,0,0,0
2020-11-07,6,0,0,0,0
2020-11-08,6,0,0,0,0
2020-11-10,6,0,0,0,0
2020-11-12,2,0,0,0,0
2020-11-14,2,0,0,0,0
2020-11-26,2,0,0,0,0
2020-12-01,4,0,0,0,0
2020-12-05,2,0,0,0,0
2020-12-16,4,0,0,0,0
2020-12-26,2,0,0,0,0
2020-12-28,2,0,0,0,0
2021-01-05,2,0,0,0,0
2021-01-08,2,0,0,0,0
2021-01-13,6,0,0,0,0
2021-01-16,2,0,0,0,0
2021-01-18,8,0,0,0,0
2021-01-22,4,0,0,0,0
2021-01-23,2,0,0,0,0
2021-03-06,2,0,0,0,0
2021-03-13,2,0,0,0,0
2021-04-05,2,0,0,0,0
2021-04-12,2,0,0,0,0
2021-04-13,2,0,0,0,0
2021-04-15,2,0,0,0,0
2021-04-17,4,0,0,0,0
2021-04-22,2,0,0,0,0
2021-04-27,2,0,0,0,0
2021-05-01,2,0,0,0,0
2021-05-03,6,0,0,0,0
2021-05-04,2,0,0,0,0
2021-05-06,2,0,0,0,0
2021-05-11,2,0,0,0,0
2021-05-12,140,0,0,0,0
2021-05-13,48,0,0,0,0
2021-05-14,30,0,0,0,0
2021-05-15,50,0,0,0,0
2021-05-16,10,0,0,0,0
2021-05-17,12,0,0,0,0
2021-05-18,4,0,0,0,0
2021-05-20,2,0,0,0,0
2021-05-22,4,0,0,0,0
2021-05-27,2,0,0,0,0
2021-05-31,2,0,0,0,0
2021-06-02,2,0,0,0,0
2021-06-03,2,0,0,0,0
2021-06-04,2,0,0,0,0
2021-06-06,2,0,0,0,0
2021-06-07,4,0,0,0,0
2021-06-08,2,0,0,0,0
2021-06-13,2,0,0,0,0
2021-06-15,2,0,0,0,0
2021-06-18,2,0,0,0,0
2021-06-20,8,0,0,0,0
2021-06-21,2,0,0,0,0
2021-06-27,2,0,0,0,0
2021-06-29,2,0,0,0,0
2021-07-02,2,0,0,0,0
2021-07-04,2,0,0,0,0
2021-07-05,2,0,0,0,0
2021-07-07,2,0,0,0,0
2021-07-14,2,0,0,0,0
2021-07-16,6,0,0,0,0
2021-07-17,4,0,0,0,0
2021-07-22,2,0,0,0,0
2021-07-23,4,0,0,0,0
2021-07-24,2,0,0,0,0
2021-07-27,2,0,0,0,0
2021-08-02,4,0,0,0,0
2021-08-05,2,0,0,0,0
2021-08-06,2,0,0,0,0
2021-08-10,2,0,0,0,0
2021-08-13,6,0,0,0,0
2021-08-18,2,0,0,0,0
2021-08-23,6,0,0,0,0
2021-08-25,2,0,0,0,0
2021-08-26,2,0,0,0,0
2021-09-01,2,0,0,0,0
2021-09-04,4,0,0,0,0
2021-09-13,2,0,0,0,0
2021-09-22,2,0,0,0,0
2021-09-28,2,0,0,0,0
2021-09-29,2,0,0,0,0
2021-10-09,4,0,0,0,0
2021-10-14,4,0,0,0,0
2021-10-17,2,0,0,0,0
2021-10-18,2,0,0,0,0
2021-10-19,48,0,0,0,0
2021-10-20,2,0,0,0,0
2021-10-21,4,0,0,0,0
2021-10-22,116,0,0,0,0
2021-10-23,6,0,0,0,0
2021-10-24,2,0,0,0,0
2021-10-29,6,0,0,0,0
2021-10-31,8,0,0,0,0
2021-11-01,40,0,0,0,0
2021-11-08,2,0,0,0,0
2021-11-19,2,0,0,0,0
2021-11-29,2,0,0,0,0
2021-12-06,12,0,0,0,0
2021-12-14,4,0,0,0,0
2021-12-16,2,0,0,0,0
2021-12-22,2,0,0,0,0
2021-12-24,16,0,0,0,0
2022-01-04,2,0,0,0,0
2022-01-05,50,0,0,0,0
2022-01-13,2,0,0,0,0
2022-01-19,4,0,0,0,0
2022-01-28,8,0,0,0,0
2022-02-04,4,0,0,0,0
2022-02-08,2,0,0,0,0
2022-02-10,2,0,0,0,0
2022-02-12,2,0,0,0,0
2022-02-13,4,0,0,0,0
2022-02-14,2,0,0,0,0
2022-02-17,2,0,0,0,0
2022-03-07,2,0,0,0,0
2022-03-12,4,0,0,0,0
2022-03-18,2,0,0,0,0
2022-04-03,12,0,0,0,0
2022-04-04,6,0,0,0,0
2022-04-12,2,0,0,0,0
2022-04-21,2,0,0,0,0
2022-05-03,2,0,0,0,0
2022-05-04,2,0,0,0,0
2022-05-07,2,0,0,0,0
2022-05-11,2,0,0,0,0
2022-05-12,2,0,0,0,0
2022-05-14,2,0,0,0,0
2022-05-17,2,0,0,0,0
2022-05-23,2,0,0,0,0
2022-05-25,2,0,0,0,0
2022-05-28,2,0,0,0,0
2022-05-30,2,0,0,0,0
2022-06-04,4,0,0,0,0
2022-06-07,4,0,0,0,0
2022-06-09,2,0,0,0,0
2022-06-10,2,0,0,0,0
2022-06-15,2,0,0,0,0
2022-06-17,2,0,0,0,0
2022-07-12,2,0,0,0,0
2022-07-18,2,0,0,0,0
2022-07-19,2,0,0,0,0
2022-07-20,2,0,0,0,0
2022-07-22,2,0,0,0,0
2022-07-24,2,0,0,0,0
2022-07-30,4,0,0,0,0
2022-07-31,2,0,0,0,0
2022-08-02,2,0,0,0,0
2022-08-04,2,0,0,0,0
2022-08-13,2,0,0,0,0
2022-08-15,2,0,0,0,0
2022-08-16,2,0,0,0,0
2022-08-17,6,0,0,0,0
2022-08-18,2,0,0,0,0
2022-08-19,4,0,0,0,0
2022-08-24,2,0,0,0,0
2022-08-30,4,0,0,0,0
2022-08-31,2,0,0,0,0
2022-09-03,6,0,0,0,0
2022-09-04,2,0,0,0,0
2022-09-06,4,0,0,0,0
2022-09-07,2,0,0,0,0
2022-09-08,4,0,0,0,0
2022-09-09,4,0,0,0,0
2022-09-10,2,0,0,0,0
2022-09-11,4,0,0,0,0
2022-09-13,2,0,0,0,0
2022-09-14,2,0,0,0,0
2022-09-15,8,0,0,0,0
2022-09-16,2,0,0,0,0
2022-09-20,2,0,0,0,0
2022-10-01,2,0,0,0,0
2022-10-02,2,0,0,0,0
2022-10-03,4,0,0,0,0
2022-10-08,2,0,0,0,0
2022-10-14,4,0,0,0,0
2022-10-15,6,0,0,0,0
2022-10-16,4,0,0,0,0
2022-10-18,16,0,0,0,0
2022-10-20,28,0,0,0,0
2022-10-21,48,0,0,0,0
2022-10-22,2,0,0,0,0
2022-10-23,10,0,0,0,0
2022-10-24,10,0,0,0,0
2022-10-25,4,0,0,0,0
2022-10-26,6,0,0,0,0
2022-10-27,22,0,0,0,0
2022-10-29,2,0,0,0,0
2022-10-30,2,0,0,0,0
2022-11-03,2,0,0,0,0
2022-11-04,2,0,0,0,0
2022-11-06,2,0,0,0,0
2022-11-11,6,0,0,0,0
2022-11-13,4,0,0,0,0
2022-11-14,2,0,0,0,0
2022-11-17,4,0,0,0,0
2022-11-18,4,0,0,0,0
2022-11-19,4,0,0,0,0
2022-11-20,6,0,0,0,0
2022-11-22,4,0,0,0,0
2022-11-24,2,0,0,0,0
2022-11-25,4,0,0,0,0
2022-11-27,4,0,0,0,0
2022-11-28,4,0,0,0,0
2022-11-29,2,0,0,0,0
2022-11-30,12,0,0,0,0
2022-12-01,2,0,0,0,0
2022-12-02,2,0,0,0,0
2022-12-03,4,0,0,0,0
2022-12-04,6,0,0,0,0
2022-12-05,4,0,0,0,0
2022-12-07,2,0,0,0,0
2022-12-08,2,0,0,0,0
2022-12-12,8,0,0,0,0
2022-12-13,6,0,0,0,0
2022-12-15,2,0,0,0,0
2022-12-19,2,0,0,0,0
2022-12-20,34,0,0,0,0
2022-12-22,2,0,0,0,0
2022-12-26,2,0,0,0,0
2022-12-28,2,0,0,0,0
2022-12-29,2,0,0,0,0
2022-12-30,2,0,0,0,0
2023-01-04,6,0,0,0,0
2023-01-05,2,0,0,0,0
2023-01-06,8,0,0,0,0
2023-01-07,2,0,0,0,0
2023-01-09,4,0,0,0,0
2023-01-11,20,0,0,0,0
2023-01-14,2,0,0,0,0
2023-01-16,2,0,0,0,0
2023-01-18,2,0,0,0,0
2023-01-19,2,0,0,0,0
2023-01-23,4,0,0,0,0
2023-01-24,2,0,0,0,0
2023-01-26,2,0,0,0,0
2023-01-27,2,0,0,0,0
2023-01-29,4,0,0,0,0
2023-01-30,2,0,0,0,0
2023-02-01,4,0,0,0,0
2023-02-02,2,0,0,0,0
2023-02-03,2,0,0,0,0
2023-02-04,2,0,0,0,0
2023-02-09,2,0,0,0,0
2023-02-13,4,0,0,0,0
2023-02-25,2,0,0,0,0
2023-03-02,2,0,0,0,0
2023-03-03,2,0,0,0,0
2023-03-07,58,0,0,0,0
2023-03-12,2,0,0,0,0
2023-03-16,6,0,0,0,0
2023-03-17,2,0,0,0,0
2023-03-19,2,0,0,0,0
2023-03-21,2,0,0,0,0
2023-03-23,2,0,0,0,0
2023-03-25,2,0,0,0,0
2023-03-27,10,0,0,0,0
2023-03-28,6,0,0,0,0
2023-03-29,2,0,0,0,0
2023-03-31,6,0,0,0,0
2023-04-02,2,0,0,0,0
2023-04-04,4,0,0,0,0
2023-04-07,2,0,0,0,0
2023-04-09,2,0,0,0,0
2023-04-12,4,0,0,0,0
2023-04-13,8,0,0,0,0
2023-04-15,2,0,0,0,0
2023-04-17,2,0,0,0,0
2023-04-19,2,0,0,0,0
2023-04-20,1,0,1,0,0
2023-04-21,1,0,1,0,0
2023-04-27,1,0,1,0,0
2023-05-04,1,0,1,0,0
2023-05-06,1,0,1,0,0
2023-05-23,1,0,1,0,0
2023-05-31,1,0,1,0,0
2023-06-08,4,0,4,0,0
2023-06-10,2,0,2,0,0
2023-06-11,1,0,1,0,0
2023-06-14,1,0,1,0,0
2023-06-16,2,0,2,0,0
2023-06-22,1,0,1,0,0
2023-07-03,1,0,1,0,0
2023-07-04,1,0,1,0,0
2023-07-05,1,0,1,0,0
2023-07-09,1,0,1,0,0
2023-07-21,3,0,3,0,0
2023-08-05,1,0,1,0,0
2023-08-06,1,0,1,0,0
2023-08-08,1,0,1,0,0
2023-08-09,1,0,1,0,0
2023-08-10,1,0,1,0,0
2023-08-12,1,0,1,0,0
2023-08-15,1,0,1,0,0
2023-08-18,1,0,1,0,0
2023-08-19,12,0,12,0,0
2023-08-21,1,0,1,0,0
2023-08-22,1,0,1,0,0
2023-08-25,1,0,1,0,0
2023-08-27,1,0,1,0,0
2023-08-29,1,0,1,0,0
2023-09-01,1,0,1,0,0
2023-09-10,1,0,1,0,0
2023-09-12,1,0,1,0,0
2023-09-17,2,0,2,0,0
2023-09-20,3,0,3,0,0
2023-09-29,1,0,1,0,0
2023-10-02,1,0,1,0,0
2023-10-07,1,0,1,0,0
2023-10-11,3,0,3,0,0
2023-10-19,2,0,2,0,0
2023-10-27,1,0,1,0,0
2023-11-06,1,0,1,0,0
2023-11-07,1,0,1,0,0
2023-11-23,1,0,1,0,0
2023-11-26,1,0,1,0,0
2023-11-27,1,0,1,0,0
2023-12-20,4,0,4,0,0
2023-12-23,3,0,3,0,0
2024-01-07,1,0,1,0,0
2024-01-18,2,0,2,0,0
2024-01-26,1,0,1,0,0
2024-02-01,1,0,1,0,0
2024-02-05,1,0,1,0,0
2024-02-20,2,0,2,0,0
2024-02-26,1,0,1,0,0
2024-03-23,1,0,1,0,0
2024-03-29,1,0,1,0,0
2024-04-02,1,0,1,0,0
2024-04-21,1,0,1,0,0
2024-05-09,1,0,1,0,0
2024-05-25,1,0,1,0,0
2024-05-26,1,0,1,0,0
2024-06-01,1,0,1,0,0
2024-06-02,2,0,2,0,0
2024-06-04,1,0,1,0,0
2024-06-06,1,0,1,0,0
2024-06-13,1,0,1,0,0
2024-06-16,1,0,1,0,0
2024-07-23,1,0,1,0,0
2024-07-24,1,0,1,0,0
2024-07-25,2,0,2,0,0
2024-07-27,1,0,1,0,0
2024-07-29,1,0,1,0,0
2024-08-16,1,0,1,0,0
2024-08-20,25,0,25,0,0
2024-09-21,1,0,1,0,0
2024-09-22,1,0,1,0,0
2024-09-23,3,0,3,0,0
2024-09-27,2,0,2,0,0
2024-11-23,1,0,1,0,0
2024-11-27,2,0,2,0,0
2024-11-29,1,0,1,0,0
2025-01-06,40,0,40,0,0
2025-01-08,1,0,1,0,0
2025-01-09,1,0,1,0,0
2025-01-19,1,0,1,0,0
2025-01-28,1,0,1,0,0
2025-01-31,1,0,1,0,0
2025-02-02,1,0,1,0,0
2025-02-04,1,0,1,0,0
2025-02-09,1,0,1,0,0
2025-03-23,1,0,1,0,0
2025-03-30,1,0,1,0,0
2025-04-11,1,0,1,0,0
2025-05-08,1,0,1,0,0
2025-05-23,1,0,1,0,0
2025-06-04,2,0,0,1,2
2025-06-05,3,0,0,3,3
2025-06-14,1,0,0,1,1
2025-07-23,1,0,0,0,1
2025-08-07,3,0,0,1,3
2025-08-25,2,0,0,2,2
2025-08-29,2,0,0,0,2
2025-09-04,1,0,0,1,1
2025-09-28,1,0,0,0,1
2025-10-10,1,0,0,0,1
2025-10-19,1,0,0,1,1
2025-10-23,1,0,0,1,1
2025-11-20,1,0,0,1,1
2025-11-26,1,0,0,1,1
2025-11-29,4,0,0,1,4
2025-12-05,1,0,0,0,1
2025-12-11,1,0,0,1,1
2025-12-14,2,0,0,0,2
2025-12-20,20,0,0,5,20
2026-01-20,1,0,0,0,1
2026-02-17,1,0,0,1,1
2026-02-28,1,0,0,1,1
2026-03-03,1,0,0,1,1
2026-03-27,10,0,0,10,10
2026-04-01,3,0,0,3,3
2026-04-11,1,0,0,1,1
2026-04-15,1,1,0,0,0
2026-04-16,1,1,0,0,0
