hash,date,value_eth,fee_eth,from,to
0xff25386e606795628054fee72cc951b934e75b06074ef4ec69c13561e454b233,2026-04-11,0.000103749582995916,2.195217532024e-05,0xff629ead0ce217e4e99e1714e09be41dd387c1d8,0xab5801a7d398351b8be11c439e05c5b3259aec9b
0xfd0c715788ed6ec1769378e050aed6b18090ce3f17bcf272ab0b7af3ae9c130a,2026-04-01,1e-09,2.799329716054e-06,0x3c7776ed1938dfe9905ef0760019dbec4bd641ab,0xab5801a7d398351b8be11c439e05c5b3259aec9b
0xc8aaf7fe5e66424b0dcf6e5b5be7360aa467b8a60ee4606ef4656f67d8722bc1,2026-04-01,1e-07,2.805160962436e-06,0x3c77c73feaf9a35564119e4c11c83bbba35c41ab,0xab5801a7d398351b8be11c439e05c5b3259aec9b
0xf7e0b939ed66139cc950f2a7a1630646b3205c3c6d9870eb733ec7a54540deea,2026-04-01,14.0,3.607506105e-06,0xab5801a7d398351b8be11c439e05c5b3259aec9b,0x3c7779d27348017415a9184acadc0d62052841ab
0xf1f5ffd7e417fcefb64c4f97484ef7dfa1c28731449549d93563bca9644bf9e2,2026-03-27,1e-18,2.1e-06,0xec338e5421920bfb97166a019e0569dbab6fec9b,0xab5801a7d398351b8be11c439e05c5b3259aec9b
0xf1305bc79f54405599fe85f672698ea1657a19afb08ec556e4cc8ecd15b01626,2026-03-27,1e-18,2.1e-06,0xec338e5421920bfb97166a019e0569dbab6fec9b,0xab5801a7d398351b8be11c439e05c5b3259aec9b
0x031701237ceebd95c7dd6a0c653e9c3b26380cb38b4c40f44fe96b916b46f243,2026-03-27,1e-18,2.1e-06,0xec338e5421920bfb97166a019e0569dbab6fec9b,0xab5801a7d398351b8be11c439e05c5b3259aec9b
0x639de17528770154a97f33eef25ffc7ab192ab0df273a1a05eb12a5b8b755bfc,2026-03-27,1e-18,2.1e-06,0xec338e5421920bfb97166a019e0569dbab6fec9b,0xab5801a7d398351b8be11c439e05c5b3259aec9b
0x065acbcee0bdc3560f6821990dfb9dbabc589ab4f8b951116f47f3dfce04f17c,2026-03-27,1e-18,2.1e-06,0xec338e5421920bfb97166a019e0569dbab6fec9b,0xab5801a7d398351b8be11c439e05c5b3259aec9b
0x94f5119c698c1fdaa7882ed3d81b198cb23bf8096eb3d874b2e791dd9f440446,2026-03-27,1e-18,2.1e-06,0xec338e5421920bfb97166a019e0569dbab6fec9b,0xab5801a7d398351b8be11c439e05c5b3259aec9b
0x755b0aa080556ca02f8b00ee6c7a74c975f4150dd89acdf013cb72ceb79f5692,2026-03-27,1e-18,2.1e-06,0xec338e5421920bfb97166a019e0569dbab6fec9b,0xab5801a7d398351b8be11c439e05c5b3259aec9b
0x7d0ac6420642ca0f28ff4021644e0b86c4b591e2d26c9e77c60c203fd0452f0b,2026-03-27,1e-18,2.1e-06,0xec338e5421920bfb97166a019e0569dbab6fec9b,0xab5801a7d398351b8be11c439e05c5b3259aec9b
0x6e80de5d1b23fed75b89f16835f073a92e37caa37a8586f2ffe9eb98f96c39ed,2026-03-27,1e-18,2.1e-06,0xec338e5421920bfb97166a019e0569dbab6fec9b,0xab5801a7d398351b8be11c439e05c5b3259aec9b
0x46a156687c189c83becd8e546354b24b5f7dc8e3e2a33eece5cfb0c170d444cc,2026-03-27,1e-18,2.1e-06,0xec338e5421920bfb97166a019e0569dbab6fec9b,0xab5801a7d398351b8be11c439e05c5b3259aec9b
0x685b955c426675e8299849dfb6511682b91866bc1efe7b106308a04d2eacdd22,2026-03-03,5.123456789e-06,2.818787549886e-06,0x9a26be25ca0da8a7ff5dfbb1aebe587903c2b472,0xab5801a7d398351b8be11c439e05c5b3259aec9b
0x1b615b2cc2610ba6652dfe5c53f6e50ee121aff79b8c3b1aee156d01ecad9202,2026-02-28,0.01,1.68467103e-06,0xd8da6bf26964af9d7eed9e03e53415d37aa96045,0xab5801a7d398351b8be11c439e05c5b3259aec9b
0xae857f18c5716e37286944bf0b3b4228e7857131154a9a7ecd35e920aa541872,2026-02-17,3.9255080793358e-05,9.215472176826e-06,0xf226f80bd806df1dd934c9f76bdec674cbd9e9ff,0xab5801a7d398351b8be11c439e05c5b3259aec9b
0xc2771f12b618d97b62b6eec50ac67686026e517cd38bd296e21b8991ceb9d9e0,2026-01-20,0.0,8.57547166144e-06,0xab5801a7d398351b8be11c439e05c5b3259aec9b,0x71cfc1be4aee4941c58cef02069f19ee291c0ac3
0x1ac7db96fe4e23f7630a248a8f530cf4745550181861467ba9355f08c150726f,2025-12-20,1e-09,6.18379772388e-07,0x3c7776ed1938dfe9905ef0760019dbec4bd641ab,0xab5801a7d398351b8be11c439e05c5b3259aec9b
0xf10cb4d2448e57bab460ee88c0d0ebcd68db3d45b2ac74203730b021151757df,2025-12-20,1e-07,5.26043922264e-07,0x3c77c73feaf9a35564119e4c11c83bbba35c41ab,0xab5801a7d398351b8be11c439e05c5b3259aec9b
0xf7458d4f28a0583e93cb3b13535d994a0bfd44ca7af5e6b27ab4491b29f97ce6,2025-12-20,1e-09,5.93681734018e-07,0x3c7776ed1938dfe9905ef0760019dbec4bd641ab,0xab5801a7d398351b8be11c439e05c5b3259aec9b
0x0caaa0539dddb6945ef57a792e06938669690bd43d2199ec00a43c99a12a25ea,2025-12-20,27.0,1.2705e-06,0xab5801a7d398351b8be11c439e05c5b3259aec9b,0x3c7779d27348017415a9184acadc0d62052841ab
0xb3ee97d72cf87bbdf0b69dcbdffc486337d48e809fc779a8fc719e379a29ab16,2025-12-20,0.0,1.00276935e-05,0xab5801a7d398351b8be11c439e05c5b3259aec9b,0x7a250d5630b4cf539739df2c5dacb4c659f2488d
0x4a6e905a1531b58bb198c3a184c7973947955fbf9995460eece5f594498a8898,2025-12-20,0.0,2.806353e-06,0xab5801a7d398351b8be11c439e05c5b3259aec9b,0x21a3ef9a383f5ecb1ff0ffbbaf5607d1420b965d
0x8cfef5a102c382ed87410ec0b3a697f4063c8dad9144f2781d1114f2cb5fe663,2025-12-20,0.0,1.1301279e-05,0xab5801a7d398351b8be11c439e05c5b3259aec9b,0x7a250d5630b4cf539739df2c5dacb4c659f2488d
0x0df3811ce294627cebc86e2306d78bf014e97b9c43c00b7f328018ce3d16edd9,2025-12-20,0.0,2.806353e-06,0xab5801a7d398351b8be11c439e05c5b3259aec9b,0x3af73bb96b335fc0fd2c4cf39ce95f3ff8c8de66
0xaaa8da09fda0c0e9e8da5da03d92e35dd9484c1532116df17e3994788ab0cd68,2025-12-20,0.0,3.477056e-06,0xab5801a7d398351b8be11c439e05c5b3259aec9b,0xa0b86991c6218b36c1d19d4a2e9eb0ce3606eb48
0x3b7dc6989297ddd92dd6e94557d4488920f0c366d829d19ecaddc3d494167510,2025-12-20,2.5,7.98541315e-05,0xab5801a7d398351b8be11c439e05c5b3259aec9b,0x3a23f943181408eac424116af7b7790c94cb97a5
0x89697b8442bb82587fcb80d4704a9e74fb22d01bbaf317f9d7ac932d18e2cf7c,2025-12-20,0.0,1.2614492e-05,0xab5801a7d398351b8be11c439e05c5b3259aec9b,0xab5801a7d398351b8be11c439e05c5b3259aec9b
0xa12be357fcb83f48ce518c214853d154833da03a6e17d90cd15182b597be79de,2025-12-20,0.0,3.85752235e-05,0xab5801a7d398351b8be11c439e05c5b3259aec9b,0xab5801a7d398351b8be11c439e05c5b3259aec9b
0x4396fb6ecd94fde4e129d5939551d659b04f278334a530cc4ee0893b5dd0f775,2025-12-20,0.0,3.82384805e-05,0xab5801a7d398351b8be11c439e05c5b3259aec9b,0xab5801a7d398351b8be11c439e05c5b3259aec9b
0xaf36eb697b3e7bfd940ba12bac0db1d56f9291d57c44f0f318fea835cef25217,2025-12-20,0.0,5.138342413234e-06,0xab5801a7d398351b8be11c439e05c5b3259aec9b,0xab5801a7d398351b8be11c439e05c5b3259aec9b
0xae1a6e52025e4041f8081d880b132f93f7570506d47cc8a72b51eddc2892575b,2025-12-20,0.0,5.55131665e-05,0xab5801a7d398351b8be11c439e05c5b3259aec9b,0xab5801a7d398351b8be11c439e05c5b3259aec9b
0xea7e006a2e7bd19dfc18e661565195f7b1078e2ae878b10d046a1403749169b6,2025-12-20,0.0,2.806353e-06,0xab5801a7d398351b8be11c439e05c5b3259aec9b,0xbd1cf6a945ef8be797738103867dbef89aadf57a
0x1dc325014366cc6f4eebe47311762bd55987d8836b95d62593e419282607b5cf,2025-12-20,0.0,2.800424e-06,0xab5801a7d398351b8be11c439e05c5b3259aec9b,0x8f18744bf9c6327c6616b59a59866626a4231e3f
0xfaa49faba30c8039ff25065074c2d27f52308bb1d003be28d26bb276e80eeed8,2025-12-20,0.0,2.8019365e-06,0xab5801a7d398351b8be11c439e05c5b3259aec9b,0x348b7f3106b5da47405332534d06069ff9ce4d1b
0xfba2d7f278b11f7944c14d279e68aaf20a95168228a9ac134e4f199f1cb60ee5,2025-12-20,0.0,6.39927255e-05,0xab5801a7d398351b8be11c439e05c5b3259aec9b,0xab5801a7d398351b8be11c439e05c5b3259aec9b
0x3b20d7278fe5eb711fcd42ea595a9c0a133207a4b02bb56fe7ed5b1fc3a23e07,2025-12-20,0.0,3.81421645e-05,0xab5801a7d398351b8be11c439e05c5b3259aec9b,0xab5801a7d398351b8be11c439e05c5b3259aec9b
0xc7a08506fa34bb52797f3f06be4e2d04bd6722cd784c2970861d06dc7cbb9f2a,2025-12-14,0.0,5.6494541797356e-05,0xab5801a7d398351b8be11c439e05c5b3259aec9b,0xab5801a7d398351b8be11c439e05c5b3259aec9b
0x273db1b71a347247c3b1bd963e57fec334beb0e0cb69cf4cf3280e7a45b3e59c,2025-12-14,0.0,1.461506221544e-05,0xab5801a7d398351b8be11c439e05c5b3259aec9b,0xab5801a7d398351b8be11c439e05c5b3259aec9b
0xb61a7d52a409f3caac0a1c60bf02c7ee2ee173e0645c5cb7e834a5c1dfb477ae,2025-12-11,0.00034473625525277,3.257961084654e-06,0xff5c2bb3ab55896c82aa9a7fc047a5b7c6c9a852,0xab5801a7d398351b8be11c439e05c5b3259aec9b
0x2f93d6b1a8347733e3b864502483f4e41f1eebd3ad54694d11dbf208ae2df12e,2025-12-05,0.0,3.81391287956e-06,0xab5801a7d398351b8be11c439e05c5b3259aec9b,0xa0b86991c6218b36c1d19d4a2e9eb0ce3606eb48
0xad68582da737233398577d49197b120138da4ef69ea0b9bb563476022c634e00,2025-11-29,0.0,3.317270159034e-06,0xab5801a7d398351b8be11c439e05c5b3259aec9b,0x1645f535e5185ba7e0f992c45ea4633b96b9e98f
0xb1d70770c1e5d720a2a2c134a54be9fd3ca39e5561bf47569987ba812904fe42,2025-11-29,0.0,1.2257784e-05,0xab5801a7d398351b8be11c439e05c5b3259aec9b,0x7a250d5630b4cf539739df2c5dacb4c659f2488d
0xffd579ab5100a55c28987668e223921501c16fcb488a1c24d0fa0f757db65253,2025-11-29,0.0,2.93171371623e-06,0xab5801a7d398351b8be11c439e05c5b3259aec9b,0x7588f301518cd2dc46cdcf2d3bbc47f2ca7c89c7
0x7977ed4b1f10ad4192ca3442b3719d982050a233638ec9e69fea71c79e4be6a2,2025-11-29,1e-05,4.300376584798e-05,0x9aaf0879a190c4b7b9470b212e5702241f72bf26,0xab5801a7d398351b8be11c439e05c5b3259aec9b
0xc7c20efede93a835ac38807cec87252a7f111fe0a96c57abfd13543e00d34b2e,2025-11-26,0.0001,4.33845575407e-05,0xb356374a30190dfb684b7d09d95814cbf35c6a49,0xab5801a7d398351b8be11c439e05c5b3259aec9b
0x5d604bb2fb044d4fb8e726c774e20667ec8471404709d96bafb6f0b2203eaf64,2025-11-20,0.001075970273870029,1.1199278388448e-05,0x2638a49d0abca0cb91d05b2e4065932b5d15086d,0xab5801a7d398351b8be11c439e05c5b3259aec9b
0xcece7d28c7f98f149f2c717562ce6b63f27470a6f8597431bcedba0665286e83,2025-10-23,0.000277689513345,3.394432187282e-06,0x1acde18bf8d7d936fff64a10497c9aaf8565ad96,0xab5801a7d398351b8be11c439e05c5b3259aec9b
0x3b72f21505cebb98aa3a110e282ece8e4b01c3af8c829aafd06d6cbed8a1b4c2,2025-10-19,6.66e-06,3.42673021667e-05,0x3ed3a49fb01fa9ca2a11c8a3afba12f53ca7c744,0xab5801a7d398351b8be11c439e05c5b3259aec9b
0xd57a5c6187a8a1854aabe2eda452ca3677405e114fc026ead02f9b482edb92ba,2025-10-10,0.0,3.9285772232163e-05,0xab5801a7d398351b8be11c439e05c5b3259aec9b,0xab5801a7d398351b8be11c439e05c5b3259aec9b
0xa31edfcbc1f71904ba362c43fc90a6284f44a94c9d61cad960e6cd252254509a,2025-09-28,0.0,0.000108940352208045,0xab5801a7d398351b8be11c439e05c5b3259aec9b,0xab5801a7d398351b8be11c439e05c5b3259aec9b
0x580eeb6eb12de9a629ee2500ec903aa7c2bc6b4d51b4e993df7b0ecae92cee39,2025-09-04,0.0001,3.891479193e-06,0x23f4569002a5a07f0ecf688142eeb6bcd883eef8,0xab5801a7d398351b8be11c439e05c5b3259aec9b
0x1b3e00be6bc311876571cda1ad405e03911f9737a0858f26507f8b1dc28ff3e9,2025-08-29,0.0,2.0520745692e-05,0xab5801a7d398351b8be11c439e05c5b3259aec9b,0x236d53148f83706c3d670064809577385f923a75
0x8cf1734b75cfda8249e0a063dd317089e2683197b33426492c342e118ed1b29c,2025-08-29,0.0,2.0300321274272e-05,0xab5801a7d398351b8be11c439e05c5b3259aec9b,0x348b7f3106b5da47405332534d06069ff9ce4d1b
0x9d3002a6fb9f5f64b3b2ef0ba996f76b9c738060306085819b766f1bc31acc92,2025-08-25,1e-07,2.8332435936e-05,0xd9cf79ea1cf225c607cf9ea8e72f6a08ad227d1c,0xab5801a7d398351b8be11c439e05c5b3259aec9b
0x7f35b01f9e992ead31e973fa7416cc416ed9c7ced2d0c05e2cc4039c7b1ede16,2025-08-25,3.0246337086e-05,4.385418765e-06,0x4f62d2abbbf38a1546938bd4bb7d70708e2692ba,0xab5801a7d398351b8be11c439e05c5b3259aec9b
0xc039152da7656aae258296f3a663ef2d13ae03185ca41ab9723681063feb81ef,2025-08-07,0.0,1.366650931464e-05,0x053e6294400a9268e35df445624f58087c7f388f,0xab5801a7d398351b8be11c439e05c5b3259aec9b
0x7755a8bf4654b189724b51cd1e2341657287ac3cdce03d52b7a50688376b0bd7,2025-08-07,0.0,3.319902165216e-05,0x3e5b459a9c347972f256604001e4909a172eb4a5,0xab5801a7d398351b8be11c439e05c5b3259aec9b
0xef36b2456f758cc6fbec4dda5fd4fcc1751a73fb0a32369dc6eee956334e2ca1,2025-08-07,1.0001e-05,3.8290189077e-05,0xf8fc9a91349ebd2033d53f2b97245102f00aba96,0xab5801a7d398351b8be11c439e05c5b3259aec9b
0xb6d37034ac4f3afa95f846fc86c3ee24b143575e0db9aa829554b2da5deedf28,2025-07-23,0.0,5.432e-05,0x1ba608d6a354fbeb41fd7cc799e7f09b2612ab26,0xab5801a7d398351b8be11c439e05c5b3259aec9b
0x0ddee987bf4b0b7a681f99db15c73ffac9073d5ee391e58cc7f4829a64089cc1,2025-06-14,0.000395546479982302,1.4049e-05,0x5644f12507e0a9a3f44a91b0121954e199b862c9,0xab5801a7d398351b8be11c439e05c5b3259aec9b
0x3c540aa1765b7df1ca7c3bda52d3b665d7b5d1f7fd12635db84d12583c4234f7,2025-06-05,0.00116662,0.000293568945495,0x01678f134fd5556f2dc588ab43c5691d33432133,0xab5801a7d398351b8be11c439e05c5b3259aec9b
0x9dc0108e1197c3b1f0bcbc47d64925f59b9b0f8046b12693475240f86c6fe9e9,2025-06-05,0.00076704,5.8456415388e-05,0x01678f134fd5556f2dc588ab43c5691d33432133,0xab5801a7d398351b8be11c439e05c5b3259aec9b
0xc0a245daa31d7d47e4be334149937467e2071de776308d3d95d61766d03235f9,2025-06-05,1e-10,1.8275917212e-05,0x1810b5c9d4f015a528d8c540cd319530d9c4f10e,0xab5801a7d398351b8be11c439e05c5b3259aec9b
0xded143b3e5dd3c9f6987783d0f0f2af1cec746553113a015a23f1213038b3972,2025-06-04,259.6,4.8101550882e-05,0xab5801a7d398351b8be11c439e05c5b3259aec9b,0x1810c87a85b1d3aff71f3bd7fe45e4dc03eff10e
0xb87da2f6c5c28518ac6b5312bde2f4771216fe9db4890e16b338b333a5814ecd,2025-06-04,0.0,6.272192750488e-05,0xab5801a7d398351b8be11c439e05c5b3259aec9b,0xc02aaa39b223fe8d0a0e5c4f27ead9083c756cc2
0xd08e9cb67f166523614c9ddfd568fb53dd6f54b62e53fe5f1e30aa87c3490bb9,2025-05-23,0.000112597351725494,5.5174556514e-05,0x728de9970bc8937aea99371879009c6a3c08502d,0xab5801a7d398351b8be11c439e05c5b3259aec9b
0x057d8e6345441d3109c45cb8938e3cf55b92b8e94e46ca7a23619c178ecf2222,2025-05-08,2.2433561346e-05,8.4e-05,0x64718abd675e8bd7ca31c61fe353efe58686e9c5,0xab5801a7d398351b8be11c439e05c5b3259aec9b
0x0e98a4625e84138e73aede3a006f2a0585bfe608a739e1ad1be3c6e9b76407ef,2025-04-11,0.00656,1.2240215568e-05,0x75acc35226f1894508c869884f943a4c3dceac88,0xab5801a7d398351b8be11c439e05c5b3259aec9b
0x6316fbad157344de38a7b675aa8a7ad92f1ba57dcd1fbed5221e27f1fa6131a4,2025-03-30,0.0,2.4290425005e-05,0x55b34787d7173557f1a4deab4eb24d30b9f56625,0xab5801a7d398351b8be11c439e05c5b3259aec9b
0xc18cf6956fa938d474535b278972d5bb935b7679b8856d77072a60ce3087acf6,2025-03-23,0.0047,7.479168354e-06,0xc4a1ac9524bc59110ef5f79916f61324b3c521b6,0xab5801a7d398351b8be11c439e05c5b3259aec9b
0x84de2b9d66364cfee97172b35204e0538d73626555e0c36104801a6c00a363fe,2025-02-09,0.112638,2.9475658674e-05,0x7bdbdb11808984bb80ba90bf6c7e71fa5024fed8,0xab5801a7d398351b8be11c439e05c5b3259aec9b
0xe7840590f968b16ba8d96f6c1f6b5b757ba6949467afb1dc41e6c116f3d7728c,2025-02-04,0.001403964321684417,8.5898973531e-05,0x1ffae8ffe2e0eec9bd44e38c0ce3b5d6c8a5b1b1,0xab5801a7d398351b8be11c439e05c5b3259aec9b
0x9df4b522632681acfa16bb022a09fbb971034ee2f8cd4c260ead6393199dfeaa,2025-02-02,0.0,0.00033115413480876,0xab5801a7d398351b8be11c439e05c5b3259aec9b,0xa0b86991c6218b36c1d19d4a2e9eb0ce3606eb48
0x59f3993b1478236fa1ae7ab5d3a249bcbcaac992ce2e0572bbcc68dc00e0f285,2025-01-31,0.00042069,3.92506044e-05,0x17e42b6558779db791b13f207ebb0206bd076c97,0xab5801a7d398351b8be11c439e05c5b3259aec9b
0x4fbe69b7e67ab91eacc574405ff79af3c070e354c162e89191b1cbcf04cbca15,2025-01-28,0.0,0.000238363135453464,0x1b4d236dd759a43020d1bc898e0a069e8c193ae4,0xab5801a7d398351b8be11c439e05c5b3259aec9b
0xe0cfec9400459c5a0b455e8d8902abaea17fb0174fdcf070eaad87499fa332a1,2025-01-19,0.0,0.00170965209928536,0xab5801a7d398351b8be11c439e05c5b3259aec9b,0xa0b86991c6218b36c1d19d4a2e9eb0ce3606eb48
0xadd20ccecaecf11612dcfe0fa7afee706075232a7832b8f96b187d37c9924074,2025-01-09,0.0002,0.000116342287572,0xa4287f929edb3250b5fb24aff7f5b9d162c61217,0xab5801a7d398351b8be11c439e05c5b3259aec9b
0x8bf1dfc96e41b595bc94f1bd8b266bae255bc3b0f87cb96d1795612030692e0b,2025-01-08,0.0,0.000374828,0xab5801a7d398351b8be11c439e05c5b3259aec9b,0xa0b86991c6218b36c1d19d4a2e9eb0ce3606eb48
0x6bcc472d3acb52865a6a489825947d9320996d4c98acbdcbce6519c076216595,2025-01-06,0.0,0.005315140961011659,0xab5801a7d398351b8be11c439e05c5b3259aec9b,0x3fc91a3afd70395cd496c647d5a6cc9d4b2b7fad
0x558206a22ec9e9693293d89bacb842caab06a810d5d8a415a369ec706646824c,2025-01-06,0.0,0.0005663606,0xab5801a7d398351b8be11c439e05c5b3259aec9b,0xbb1ee07d6c7baeb702949904080eb61f5d5e7732
0x7b41562bacaa9923570d417150d10df4fd65db6ee9548deb3d34684c0f2066d2,2025-01-06,0.0,0.000621544,0xab5801a7d398351b8be11c439e05c5b3259aec9b,0xa0b86991c6218b36c1d19d4a2e9eb0ce3606eb48
0xa9e9ef1a9fb0ac37a37ca9ebe5ca3acb75c3e8ec8bb88318c69a305ca4ff5926,2025-01-06,0.0,0.001005602357325532,0xab5801a7d398351b8be11c439e05c5b3259aec9b,0x7a250d5630b4cf539739df2c5dacb4c659f2488d
0x76c10c3d65030a1f2877600850d23868abf9b2c173c76bb0b1083303e2014af7,2025-01-06,0.0,0.0004267512,0xab5801a7d398351b8be11c439e05c5b3259aec9b,0x76fef2106341083c9aaf627b3e3b2cb7916452a3
0xcf34225cdde392d7b86f01a902913ef50fdd3170fe2147a405edf1098e6820dc,2025-01-06,0.0,0.001289706768732574,0xab5801a7d398351b8be11c439e05c5b3259aec9b,0x7a250d5630b4cf539739df2c5dacb4c659f2488d
0x8eb55f9bbe1f8163e906624809a60506d4b514943f6af1622357407ebae76277,2025-01-06,0.0,0.0004453056,0xab5801a7d398351b8be11c439e05c5b3259aec9b,0x6d3a9f0f58d64a43d48479f7601113b5365e8d64
0x3cda64f34dc82081dfe7bac3a7b4cc22977093ba663e23f0fea586cbaee6971e,2025-01-06,0.0,0.000440667,0xab5801a7d398351b8be11c439e05c5b3259aec9b,0xd1c9cbe7f1975b599b9189ce132a433c4a3c8986
0x6acb2b90e493fa361621b6545be5407b2833ba557976e0f178483b0feadc52ff,2025-01-06,0.0,0.001291117041558544,0xab5801a7d398351b8be11c439e05c5b3259aec9b,0x7a250d5630b4cf539739df2c5dacb4c659f2488d
0x5e4550d070844bf3d4b87de348a1ce19676bac86788a4545dac0ee6cde26e446,2025-01-06,0.0,0.00042207499208664,0xab5801a7d398351b8be11c439e05c5b3259aec9b,0x67843780c9142eca00374a79f4ffda3fe72d917b
0xf91f5b869ee5022707f00f350411c7b9d2e1920199191e11bcd3793b96213ab1,2025-01-06,0.0,0.001338453266537828,0xab5801a7d398351b8be11c439e05c5b3259aec9b,0x7a250d5630b4cf539739df2c5dacb4c659f2488d
0x73ed8d2a5fdfb43edc8db0d00f0572b24a85ac30380ab382a9180defd4f713ce,2025-01-06,0.0,0.000478420963438266,0xab5801a7d398351b8be11c439e05c5b3259aec9b,0x022fc445fd3ec66cc48e0975265ec825245cd7a9
0x31450d2e0d398d5c2dd913ee5907231f160048a893228cdab4289cdf6b9346af,2025-01-06,0.0,0.0033465366,0xab5801a7d398351b8be11c439e05c5b3259aec9b,0x0000000000001ff3684f28c67538d4d072c22734
0xcfa299e2c79966e84b4a5e6827a913c0ffc82a2c91461833fbcf4deff54aa7c9,2025-01-06,0.0,0.0004896458,0xab5801a7d398351b8be11c439e05c5b3259aec9b,0x97b65710d03e12775189f0d113202cc1443b0aa2
0x31e4af56d929ae2dc824018ad00f5fd63c00041c6fd36111bc7668884d469617,2025-01-06,0.0,0.0037462986,0xab5801a7d398351b8be11c439e05c5b3259aec9b,0x0000000000001ff3684f28c67538d4d072c22734
0x82794940d2456d5cd7a985f12aebcc245389335ba5858ad41496205d4a19658c,2025-01-06,0.0,0.0005067414,0xab5801a7d398351b8be11c439e05c5b3259aec9b,0xf0f9d895aca5c8678f706fb8216fa22957685a13
0x900ce901dc2dacd129554500afa887c720911e63e12cbb97be756283ee542479,2025-01-06,0.0,0.004402332667197248,0xab5801a7d398351b8be11c439e05c5b3259aec9b,0x6131b5fae19ea4f9d964eac0408e4408b66337b5
0x5d6a5a96b633081340de68ee4523dacb41910a02759b3bb285fd881894b654a0,2025-01-06,0.0,0.00046949,0xab5801a7d398351b8be11c439e05c5b3259aec9b,0x9e18d5bab2fa94a6a95f509ecb38f8f68322abd3
0xc41c80116de28817ab8982389b365ffbf8e6c22f514ad8542cb47a58c924c204,2025-01-06,0.0,0.0027644436,0xab5801a7d398351b8be11c439e05c5b3259aec9b,0x3fc91a3afd70395cd496c647d5a6cc9d4b2b7fad
0x5912d13ca42745c31421edec132041bb87c65a9608e0414d918351fd0dc342fe,2025-01-06,0.0,0.0004387089,0xab5801a7d398351b8be11c439e05c5b3259aec9b,0xf2a22b900dde3ba18ec2aef67d4c8c1a0dab6aac
